{"frames":{"front":{"frame":{"x":326,"y":95,"w":66,"h":92},"rotated":false,"trimmed":false,"spriteSourceSize":{"x":0,"y":0,"w":66,"h":92},"sourceSize":{"w":66,"h":92}},"jump":{"frame":{"x":326,"y":0,"w":68,"h":94},"rotated":false,"trimmed":false,"spriteSourceSize":{"x":0,"y":0,"w":68,"h":94},"sourceSize":{"w":68,"h":94}},"side":{"frame":{"x":326,"y":188,"w":66,"h":92},"rotated":false,"trimmed":false,"spriteSourceSize":{"x":0,"y":0,"w":66,"h":92},"sourceSize":{"w":66,"h":92}},"walk0001":{"frame":{"x":0,"y":147,"w":75,"h":96},"rotated":false,"trimmed":false,"spriteSourceSize":{"x":0,"y":0,"w":75,"h":96},"sourceSize":{"w":75,"h":96}},"walk0002":{"frame":{"x":250,"y":97,"w":75,"h":96},"rotated":false,"trimmed":false,"spriteSourceSize":{"x":0,"y":0,"w":75,"h":96},"sourceSize":{"w":75,"h":96}},"walk0003":{"frame":{"x":76,"y":244,"w":75,"h":96},"rotated":false,"trimmed":false,"spriteSourceSize":{"x":0,"y":0,"w":75,"h":96},"sourceSize":{"w":75,"h":96}},"walk0004":{"frame":{"x":152,"y":244,"w":75,"h":96},"rotated":false,"trimmed":false,"spriteSourceSize":{"x":0,"y":0,"w":75,"h":96},"sourceSize":{"w":75,"h":96}},"walk0005":{"frame":{"x":228,"y":244,"w":75,"h":96},"rotated":false,"trimmed":false,"spriteSourceSize":{"x":0,"y":0,"w":75,"h":96},"sourceSize":{"w":75,"h":96}},"walk0006":{"frame":{"x":98,"y":0,"w":75,"h":96},"rotated":false,"trimmed":false,"spriteSourceSize":{"x":0,"y":0,"w":75,"h":96},"sourceSize":{"w":75,"h":96}},"walk0007":{"frame":{"x":0,"y":244,"w":75,"h":96},"rotated":false,"trimmed":false,"spriteSourceSize":{"x":0,"y":0,"w":75,"h":96},"sourceSize":{"w":75,"h":96}},"walk0008":{"frame":{"x":76,"y":147,"w":75,"h":96},"rotated":false,"trimmed":false,"spriteSourceSize":{"x":0,"y":0,"w":75,"h":96},"sourceSize":{"w":75,"h":96}},"walk0009":{"frame":{"x":174,"y":0,"w":75,"h":96},"rotated":false,"trimmed":false,"spriteSourceSize":{"x":0,"y":0,"w":75,"h":96},"sourceSize":{"w":75,"h":96}},"walk0010":{"frame":{"x":174,"y":97,"w":75,"h":96},"rotated":false,"trimmed":false,"spriteSourceSize":{"x":0,"y":0,"w":75,"h":96},"sourceSize":{"w":75,"h":96}},"walk0011":{"frame":{"x":250,"y":0,"w":75,"h":96},"rotated":false,"trimmed":false,"spriteSourceSize":{"x":0,"y":0,"w":75,"h":96},"sourceSize":{"w":75,"h":96}},"alien_plant":{"frame":{"x":466,"y":336,"w":54,"h":28},"rotated":false,"trimmed":false,"spriteSourceSize":{"x":0,"y":0,"w":54,"h":28},"sourceSize":{"w":54,"h":28}},"block":{"frame":{"x":395,"y":71,"w":70,"h":70},"rotated":false,"trimmed":false,"spriteSourceSize":{"x":0,"y":0,"w":70,"h":70},"sourceSize":{"w":70,"h":70}},"bonus_used":{"frame":{"x":395,"y":213,"w":70,"h":70},"rotated":false,"trimmed":false,"spriteSourceSize":{"x":0,"y":0,"w":70,"h":70},"sourceSize":{"w":70,"h":70}},"bonus":{"frame":{"x":142,"y":412,"w":70,"h":70},"rotated":false,"trimmed":false,"spriteSourceSize":{"x":0,"y":0,"w":70,"h":70},"sourceSize":{"w":70,"h":70}},"bridge":{"frame":{"x":71,"y":547,"w":71,"h":24},"rotated":false,"trimmed":false,"spriteSourceSize":{"x":0,"y":0,"w":71,"h":24},"sourceSize":{"w":71,"h":24}},"bush":{"frame":{"x":0,"y":547,"w":70,"h":26},"rotated":false,"trimmed":false,"spriteSourceSize":{"x":0,"y":0,"w":70,"h":26},"sourceSize":{"w":70,"h":26}},"cloud_1":{"frame":{"x":129,"y":483,"w":129,"h":63},"rotated":false,"trimmed":false,"spriteSourceSize":{"x":0,"y":0,"w":129,"h":63},"sourceSize":{"w":129,"h":63}},"cloud_2":{"frame":{"x":213,"y":412,"w":128,"h":63},"rotated":false,"trimmed":false,"spriteSourceSize":{"x":0,"y":0,"w":128,"h":63},"sourceSize":{"w":128,"h":63}},"cloud_3":{"frame":{"x":0,"y":483,"w":128,"h":63},"rotated":false,"trimmed":false,"spriteSourceSize":{"x":0,"y":0,"w":128,"h":63},"sourceSize":{"w":128,"h":63}},"coin_bronze":{"frame":{"x":413,"y":412,"w":35,"h":35},"rotated":false,"trimmed":false,"spriteSourceSize":{"x":0,"y":0,"w":35,"h":35},"sourceSize":{"w":35,"h":35}},"coin_gold":{"frame":{"x":355,"y":341,"w":35,"h":35},"rotated":false,"trimmed":false,"spriteSourceSize":{"x":0,"y":0,"w":35,"h":35},"sourceSize":{"w":35,"h":35}},"coin_silver":{"frame":{"x":49,"y":103,"w":35,"h":35},"rotated":false,"trimmed":false,"spriteSourceSize":{"x":0,"y":0,"w":35,"h":35},"sourceSize":{"w":35,"h":35}},"crate":{"frame":{"x":0,"y":412,"w":70,"h":70},"rotated":false,"trimmed":false,"spriteSourceSize":{"x":0,"y":0,"w":70,"h":70},"sourceSize":{"w":70,"h":70}},"fence_broken":{"frame":{"x":330,"y":483,"w":70,"h":61},"rotated":false,"trimmed":false,"spriteSourceSize":{"x":0,"y":0,"w":70,"h":61},"sourceSize":{"w":70,"h":61}},"fence":{"frame":{"x":259,"y":483,"w":70,"h":61},"rotated":false,"trimmed":false,"spriteSourceSize":{"x":0,"y":0,"w":70,"h":61},"sourceSize":{"w":70,"h":61}},"grass":{"frame":{"x":401,"y":483,"w":35,"h":40},"rotated":false,"trimmed":false,"spriteSourceSize":{"x":0,"y":0,"w":35,"h":40},"sourceSize":{"w":35,"h":40}},"ground_cave":{"frame":{"x":213,"y":341,"w":70,"h":70},"rotated":false,"trimmed":false,"spriteSourceSize":{"x":0,"y":0,"w":70,"h":70},"sourceSize":{"w":70,"h":70}},"ground_dirt":{"frame":{"x":284,"y":341,"w":70,"h":70},"rotated":false,"trimmed":false,"spriteSourceSize":{"x":0,"y":0,"w":70,"h":70},"sourceSize":{"w":70,"h":70}},"ground_rock":{"frame":{"x":71,"y":341,"w":70,"h":70},"rotated":false,"trimmed":false,"spriteSourceSize":{"x":0,"y":0,"w":70,"h":70},"sourceSize":{"w":70,"h":70}},"ground_sand":{"frame":{"x":71,"y":412,"w":70,"h":70},"rotated":false,"trimmed":false,"spriteSourceSize":{"x":0,"y":0,"w":70,"h":70},"sourceSize":{"w":70,"h":70}},"ground":{"frame":{"x":395,"y":284,"w":70,"h":70},"rotated":false,"trimmed":false,"spriteSourceSize":{"x":0,"y":0,"w":70,"h":70},"sourceSize":{"w":70,"h":70}},"hill_long":{"frame":{"x":0,"y":0,"w":48,"h":146},"rotated":false,"trimmed":false,"spriteSourceSize":{"x":0,"y":0,"w":48,"h":146},"sourceSize":{"w":48,"h":146}},"hill_short":{"frame":{"x":49,"y":0,"w":48,"h":102},"rotated":false,"trimmed":false,"spriteSourceSize":{"x":0,"y":0,"w":48,"h":102},"sourceSize":{"w":48,"h":102}},"key_blue":{"frame":{"x":466,"y":126,"w":60,"h":37},"rotated":false,"trimmed":false,"spriteSourceSize":{"x":0,"y":0,"w":60,"h":37},"sourceSize":{"w":60,"h":37}},"key_green":{"frame":{"x":466,"y":164,"w":60,"h":37},"rotated":false,"trimmed":false,"spriteSourceSize":{"x":0,"y":0,"w":60,"h":37},"sourceSize":{"w":60,"h":37}},"key_red":{"frame":{"x":466,"y":88,"w":60,"h":37},"rotated":false,"trimmed":false,"spriteSourceSize":{"x":0,"y":0,"w":60,"h":37},"sourceSize":{"w":60,"h":37}},"key_yellow":{"frame":{"x":326,"y":281,"w":60,"h":37},"rotated":false,"trimmed":false,"spriteSourceSize":{"x":0,"y":0,"w":60,"h":37},"sourceSize":{"w":60,"h":37}},"lava":{"frame":{"x":466,"y":0,"w":70,"h":45},"rotated":false,"trimmed":false,"spriteSourceSize":{"x":0,"y":0,"w":70,"h":45},"sourceSize":{"w":70,"h":45}},"lock_blue":{"frame":{"x":395,"y":142,"w":70,"h":70},"rotated":false,"trimmed":false,"spriteSourceSize":{"x":0,"y":0,"w":70,"h":70},"sourceSize":{"w":70,"h":70}},"lock_green":{"frame":{"x":142,"y":341,"w":70,"h":70},"rotated":false,"trimmed":false,"spriteSourceSize":{"x":0,"y":0,"w":70,"h":70},"sourceSize":{"w":70,"h":70}},"lock_red":{"frame":{"x":0,"y":341,"w":70,"h":70},"rotated":false,"trimmed":false,"spriteSourceSize":{"x":0,"y":0,"w":70,"h":70},"sourceSize":{"w":70,"h":70}},"lock_yellow":{"frame":{"x":395,"y":0,"w":70,"h":70},"rotated":false,"trimmed":false,"spriteSourceSize":{"x":0,"y":0,"w":70,"h":70},"sourceSize":{"w":70,"h":70}},"plank":{"frame":{"x":143,"y":547,"w":72,"h":21},"rotated":false,"trimmed":false,"spriteSourceSize":{"x":0,"y":0,"w":72,"h":21},"sourceSize":{"w":72,"h":21}},"rock":{"frame":{"x":466,"y":46,"w":70,"h":41},"rotated":false,"trimmed":false,"spriteSourceSize":{"x":0,"y":0,"w":70,"h":41},"sourceSize":{"w":70,"h":41}},"shroom":{"frame":{"x":355,"y":377,"w":39,"h":34},"rotated":false,"trimmed":false,"spriteSourceSize":{"x":0,"y":0,"w":39,"h":34},"sourceSize":{"w":39,"h":34}},"spikes":{"frame":{"x":466,"y":202,"w":70,"h":35},"rotated":false,"trimmed":false,"spriteSourceSize":{"x":0,"y":0,"w":70,"h":35},"sourceSize":{"w":70,"h":35}},"switch_blue_off":{"frame":{"x":250,"y":194,"w":70,"h":46},"rotated":false,"trimmed":false,"spriteSourceSize":{"x":0,"y":0,"w":70,"h":46},"sourceSize":{"w":70,"h":46}},"switch_blue_on":{"frame":{"x":466,"y":394,"w":70,"h":27},"rotated":false,"trimmed":false,"spriteSourceSize":{"x":0,"y":0,"w":70,"h":27},"sourceSize":{"w":70,"h":27}},"switch_green_off":{"frame":{"x":174,"y":194,"w":70,"h":46},"rotated":false,"trimmed":false,"spriteSourceSize":{"x":0,"y":0,"w":70,"h":46},"sourceSize":{"w":70,"h":46}},"switch_green_on":{"frame":{"x":466,"y":478,"w":70,"h":27},"rotated":false,"trimmed":false,"spriteSourceSize":{"x":0,"y":0,"w":70,"h":27},"sourceSize":{"w":70,"h":27}},"switch_red_off":{"frame":{"x":98,"y":97,"w":70,"h":46},"rotated":false,"trimmed":false,"spriteSourceSize":{"x":0,"y":0,"w":70,"h":46},"sourceSize":{"w":70,"h":46}},"switch_red_on":{"frame":{"x":466,"y":450,"w":70,"h":27},"rotated":false,"trimmed":false,"spriteSourceSize":{"x":0,"y":0,"w":70,"h":27},"sourceSize":{"w":70,"h":27}},"switch_yellow_off":{"frame":{"x":342,"y":412,"w":70,"h":46},"rotated":false,"trimmed":false,"spriteSourceSize":{"x":0,"y":0,"w":70,"h":46},"sourceSize":{"w":70,"h":46}},"switch_yellow_on":{"frame":{"x":466,"y":422,"w":70,"h":27},"rotated":false,"trimmed":false,"spriteSourceSize":{"x":0,"y":0,"w":70,"h":27},"sourceSize":{"w":70,"h":27}},"water":{"frame":{"x":395,"y":355,"w":70,"h":45},"rotated":false,"trimmed":false,"spriteSourceSize":{"x":0,"y":0,"w":70,"h":45},"sourceSize":{"w":70,"h":45}},"fly_dead":{"frame":{"x":466,"y":271,"w":69,"h":32},"rotated":false,"trimmed":false,"spriteSourceSize":{"x":0,"y":0,"w":69,"h":32},"sourceSize":{"w":69,"h":32}},"fly_fly":{"frame":{"x":466,"y":304,"w":69,"h":31},"rotated":false,"trimmed":false,"spriteSourceSize":{"x":0,"y":0,"w":69,"h":31},"sourceSize":{"w":69,"h":31}},"fly_normal":{"frame":{"x":466,"y":238,"w":69,"h":32},"rotated":false,"trimmed":false,"spriteSourceSize":{"x":0,"y":0,"w":69,"h":32},"sourceSize":{"w":69,"h":32}},"slime_dead":{"frame":{"x":216,"y":547,"w":54,"h":8},"rotated":false,"trimmed":false,"spriteSourceSize":{"x":0,"y":0,"w":54,"h":8},"sourceSize":{"w":54,"h":8}},"slime_normal":{"frame":{"x":466,"y":365,"w":43,"h":28},"rotated":false,"trimmed":false,"spriteSourceSize":{"x":0,"y":0,"w":43,"h":28},"sourceSize":{"w":43,"h":28}},"slime_walk":{"frame":{"x":466,"y":506,"w":43,"h":26},"rotated":false,"trimmed":false,"spriteSourceSize":{"x":0,"y":0,"w":43,"h":26},"sourceSize":{"w":43,"h":26}}},"meta":{"app":"https://www.leshylabs.com/apps/sstool/","version":"Leshy SpriteSheet Tool v0.8.4","image":"kenny_sheet.png","size":{"w":536,"h":573},"scale":1}}